table with row headers in column A and column headers in rows 3 through 4,,,,
"Annual Estimates of the Resident Population for Incorporated Places of 50,000 or More, Ranked by July 1, 2021 Population: April 1, 2020 to July 1, 2021",,,,
Rank,Geographic Area,"April 1, 2020
Estimates Base",Population Estimate (as of July 1),
,,,2020,2021
1,"New York, New York","8,804,190","8,772,978","8,467,513"
2,"Los Angeles, California","3,893,986","3,889,834","3,849,297"
3,"Chicago, Illinois","2,747,231","2,741,730","2,696,555"
4,"Houston, Texas","2,302,792","2,300,027","2,288,250"
5,"Phoenix, Arizona","1,607,739","1,611,345","1,624,569"
6,"Philadelphia, Pennsylvania","1,603,797","1,601,005","1,576,251"
7,"San Antonio, Texas","1,434,270","1,438,227","1,451,853"
8,"San Diego, California","1,385,922","1,385,394","1,381,611"
9,"Dallas, Texas","1,304,442","1,303,234","1,288,457"
10,"San Jose, California","1,014,545","1,010,908","983,489"
11,"Austin, Texas","959,549","963,121","964,177"
12,"Jacksonville, Florida","949,577","950,463","954,614"
13,"Fort Worth, Texas","918,377","922,592","935,508"
14,"Columbus, Ohio","905,672","905,860","906,528"
15,"Indianapolis, Indiana","887,752","887,382","882,039"
16,"Charlotte, North Carolina","874,541","876,747","879,709"
17,"San Francisco, California","873,965","870,014","815,201"
18,"Seattle, Washington","735,157","738,172","733,919"
19,"Denver, Colorado","715,522","717,630","711,463"
20,"Oklahoma, Oklahoma","681,387","682,760","687,725"
21,"Nashville, Tennessee","689,504","689,248","678,851"
22,"El Paso, Texas","678,587","678,598","678,415"
23,"Washington, District of Columbia","689,545","690,093","670,050"
24,"Boston, Massachusetts","676,216","674,272","654,776"
25,"Las Vegas, Nevada","641,825","643,292","646,790"
26,"Portland, Oregon","652,089","652,388","641,162"
27,"Detroit, Michigan","639,614","638,176","632,464"
28,"Louisville, Kentucky","632,689","632,037","628,594"
29,"Memphis, Tennessee","632,207","631,326","628,127"
30,"Baltimore, Maryland","585,708","583,132","576,498"
31,"Milwaukee, Wisconsin","577,235","576,301","569,330"
32,"Albuquerque, New Mexico","564,563","564,648","562,599"
33,"Fresno, California","542,161","542,159","544,510"
34,"Tucson, Arizona","541,349","541,859","543,242"
35,"Sacramento, California","522,754","523,416","525,041"
36,"Mesa, Arizona","504,500","505,860","509,475"
37,"Kansas, Missouri","507,969","507,932","508,394"
38,"Atlanta, Georgia","498,602","499,586","496,461"
39,"Omaha, Nebraska","490,627","491,168","487,300"
40,"Colorado Springs, Colorado","479,260","480,213","483,956"
41,"Raleigh, North Carolina","467,592","467,425","469,124"
42,"Virginia Beach, Virginia","459,470","459,373","457,672"
43,"Long Beach, California","466,302","464,759","456,062"
44,"Miami, Florida","442,265","441,889","439,890"
45,"Oakland, California","439,349","439,341","433,823"
46,"Minneapolis, Minnesota","428,403","429,014","425,336"
47,"Tulsa, Oklahoma","412,458","412,629","411,401"
48,"Bakersfield, California","402,907","403,401","407,615"
49,"Wichita, Kansas","397,070","397,117","395,699"
50,"Arlington, Texas","394,218","393,985","392,786"
51,"Aurora, Colorado","386,241","386,580","389,347"
52,"Tampa, Florida","382,769","383,980","387,050"
53,"New Orleans, Louisiana","383,997","383,282","376,971"
54,"Cleveland, Ohio","373,091","372,032","367,991"
55,"Anaheim, California","347,015","347,089","345,940"
56,"Urban Honolulu CDP, Hawaii","350,943","349,800","345,510"
57,"Henderson, Nevada","317,521","319,055","322,178"
58,"Stockton, California","320,759","320,745","322,120"
59,"Lexington, Kentucky","322,570","322,403","321,793"
60,"Corpus Christi, Texas","317,929","317,852","317,773"
61,"Riverside, California","314,347","314,655","317,261"
62,"Santa Ana, California","310,538","309,888","309,441"
63,"Orlando, Florida","307,674","307,603","309,154"
64,"Irvine, California","305,313","306,389","309,031"
65,"Cincinnati, Ohio","310,242","310,113","308,935"
66,"Newark, New Jersey","310,876","310,350","307,220"
67,"St. Paul, Minnesota","311,448","310,942","307,193"
68,"Pittsburgh, Pennsylvania","303,160","302,777","300,431"
69,"Greensboro, North Carolina","297,899","297,808","298,263"
70,"St. Louis, Missouri","301,578","300,528","293,310"
71,"Lincoln, Nebraska","291,114","291,383","292,657"
72,"Plano, Texas","285,900","286,668","288,253"
73,"Anchorage, Alaska","291,247","290,637","288,121"
74,"Durham, North Carolina","283,547","284,400","285,527"
75,"Jersey, New Jersey","292,412","291,927","283,927"
76,"Chandler, Arizona","276,330","277,556","279,458"
77,"Chula Vista, California","276,025","276,466","277,220"
78,"Buffalo, New York","278,302","277,908","276,807"
79,"North Las Vegas, Nevada","262,678","264,216","274,133"
80,"Gilbert, Arizona","268,302","269,206","273,136"
81,"Madison, Wisconsin","268,414","268,846","269,196"
82,"Reno, Nevada","263,436","264,116","268,851"
83,"Toledo, Ohio","270,726","270,041","268,508"
84,"Fort Wayne, Indiana","263,852","264,169","265,974"
85,"Lubbock, Texas","257,180","257,882","260,993"
86,"St. Petersburg, Florida","258,277","258,658","258,201"
87,"Laredo, Texas","255,181","255,336","256,153"
88,"Irving, Texas","256,793","256,873","254,198"
89,"Chesapeake, Virginia","249,422","249,679","251,269"
90,"Winston-Salem, North Carolina","249,443","249,349","250,320"
91,"Glendale, Arizona","248,345","248,797","249,630"
92,"Scottsdale, Arizona","241,488","241,933","242,753"
93,"Garland, Texas","246,132","245,478","242,035"
94,"Boise, Idaho","235,670","235,829","237,446"
95,"Norfolk, Virginia","238,005","237,591","235,089"
96,"Spokane, Washington","228,831","228,850","229,071"
97,"Fremont, California","232,084","231,673","227,514"
98,"Richmond, Virginia","226,610","226,670","226,604"
99,"Santa Clarita, California","229,213","228,487","224,593"
100,"San Bernardino, California","221,898","221,784","222,203"
101,"Baton Rouge, Louisiana","225,128","224,480","222,185"
102,"Hialeah, Florida","223,017","222,153","220,490"
103,"Tacoma, Washington","219,025","219,383","219,205"
104,"Modesto, California","218,471","218,459","218,771"
105,"Port St. Lucie, Florida","204,913","206,752","217,523"
106,"Huntsville, Alabama","214,372","215,043","216,963"
107,"Des Moines, Iowa","214,137","213,699","212,031"
108,"Moreno Valley, California","208,865","209,213","211,600"
109,"Fontana, California","208,766","208,810","210,761"
110,"Frisco, Texas","200,675","202,786","210,719"
111,"Rochester, New York","211,233","210,943","210,606"
112,"Yonkers, New York","211,237","210,970","209,530"
113,"Fayetteville, North Carolina","208,871","208,576","208,778"
114,"Worcester, Massachusetts","206,601","206,242","205,918"
115,"Columbus, Georgia","206,922","206,960","205,617"
116,"Cape Coral, Florida","194,979","196,290","204,510"
117,"McKinney, Texas","195,057","197,122","202,690"
118,"Little Rock, Arkansas","202,514","202,484","201,998"
119,"Oxnard, California","202,185","202,242","201,879"
120,"Amarillo, Texas","200,904","200,897","201,234"
121,"Augusta, Georgia","202,123","201,850","201,196"
122,"Salt Lake, Utah","198,746","199,587","200,478"
123,"Montgomery, Alabama","200,567","200,006","198,665"
124,"Birmingham, Alabama","200,763","200,133","197,575"
125,"Grand Rapids, Michigan","198,487","198,173","197,416"
126,"Grand Prairie, Texas","196,272","196,331","197,347"
127,"Overland Park, Kansas","197,295","197,587","197,106"
128,"Tallahassee, Florida","196,068","196,342","197,102"
129,"Huntington Beach, California","199,140","198,707","196,652"
130,"Sioux Falls, South Dakota","192,683","193,233","196,528"
131,"Peoria, Arizona","191,052","191,985","194,917"
132,"Knoxville, Tennessee","190,011","190,594","192,648"
133,"Glendale, California","196,841","196,208","192,366"
134,"Vancouver, Washington","190,810","191,071","192,169"
135,"Providence, Rhode Island","190,284","190,101","189,692"
136,"Akron, Ohio","190,534","190,164","189,347"
137,"Brownsville, Texas","186,611","186,762","187,831"
138,"Mobile, Alabama","186,833","186,411","184,952"
139,"Newport News, Virginia","186,247","185,916","184,587"
140,"Tempe, Arizona","179,765","180,823","184,118"
141,"Shreveport, Louisiana","187,993","187,338","184,021"
142,"Chattanooga, Tennessee","181,234","181,624","182,113"
143,"Fort Lauderdale, Florida","182,817","182,789","181,668"
144,"Aurora, Illinois","180,688","180,355","179,266"
145,"Elk Grove, California","177,145","177,632","178,997"
146,"Ontario, California","175,518","175,945","177,963"
147,"Salem, Oregon","175,432","175,806","177,723"
148,"Cary, North Carolina","174,754","175,389","176,987"
149,"Santa Rosa, California","178,155","177,882","176,938"
150,"Rancho Cucamonga, California","174,628","174,572","175,142"
151,"Eugene, Oregon","174,753","174,802","175,096"
152,"Oceanside, California","174,352","174,128","172,982"
153,"Clarksville, Tennessee","166,634","167,258","170,957"
154,"Garden Grove, California","172,144","171,829","170,488"
155,"Lancaster, California","173,305","172,862","170,150"
156,"Springfield, Missouri","169,767","169,626","169,724"
157,"Pembroke Pines, Florida","171,163","170,981","169,391"
158,"Fort Collins, Colorado","168,972","169,032","168,538"
159,"Palmdale, California","169,913","169,279","165,761"
160,"Salinas, California","163,687","163,397","162,791"
161,"Hayward, California","163,635","163,269","159,827"
162,"Corona, California","157,265","157,570","159,743"
163,"Paterson, New Jersey","159,674","159,419","157,794"
164,"Murfreesboro, Tennessee","152,437","153,342","157,519"
165,"Macon, Georgia","157,346","157,104","156,762"
166,"Lakewood, Colorado","155,944","156,143","156,605"
167,"Killeen, Texas","152,570","153,044","156,261"
168,"Springfield, Massachusetts","155,913","155,556","154,789"
169,"Alexandria, Virginia","159,467","159,097","154,706"
170,"Kansas, Kansas","156,602","156,241","154,545"
171,"Sunnyvale, California","156,291","155,860","152,258"
172,"Hollywood, Florida","153,061","152,705","152,131"
173,"Roseville, California","147,817","148,435","151,901"
174,"Charleston, South Carolina","150,522","150,903","151,612"
175,"Escondido, California","151,271","151,260","150,665"
176,"Joliet, Illinois","150,352","150,199","150,372"
177,"Jackson, Mississippi","153,643","152,846","149,761"
178,"Bellevue, Washington","152,045","151,839","149,440"
179,"Surprise, Arizona","143,261","144,412","149,191"
180,"Naperville, Illinois","149,427","149,279","149,104"
181,"Pasadena, Texas","151,955","151,347","148,626"
182,"Pomona, California","151,554","151,128","148,338"
183,"Bridgeport, Connecticut","148,692","148,271","148,333"
184,"Denton, Texas","141,123","142,302","148,146"
185,"Rockford, Illinois","149,009","148,719","147,711"
186,"Mesquite, Texas","150,308","149,680","147,691"
187,"Savannah, Georgia","148,095","147,701","147,088"
188,"Syracuse, New York","147,363","147,033","146,103"
189,"McAllen, Texas","142,242","142,347","143,920"
190,"Torrance, California","147,323","146,769","143,600"
191,"Olathe, Kansas","141,238","141,400","143,014"
192,"Visalia, California","141,561","141,828","142,978"
193,"Thornton, Colorado","141,935","142,166","142,610"
194,"Fullerton, California","143,367","143,173","141,874"
195,"Gainesville, Florida","139,835","139,929","140,398"
196,"Waco, Texas","137,948","138,289","139,594"
197,"West Valley, Utah","140,571","140,209","139,110"
198,"Warren, Michigan","139,407","139,129","138,130"
199,"Hampton, Virginia","137,148","137,131","137,746"
200,"Dayton, Ohio","138,310","138,060","137,571"
201,"Columbia, South Carolina","137,300","137,314","137,541"
202,"Orange, California","138,992","138,680","137,264"
203,"Cedar Rapids, Iowa","137,664","137,581","136,467"
204,"Stamford, Connecticut","135,445","135,685","136,309"
205,"Victorville, California","134,550","134,742","135,950"
206,"Pasadena, California","138,679","138,196","135,732"
207,"Elizabeth, New Jersey","137,316","136,848","135,407"
208,"New Haven, Connecticut","133,924","133,966","135,081"
209,"Miramar, Florida","134,676","134,373","135,077"
210,"Kent, Washington","136,750","136,628","134,835"
211,"Sterling Heights, Michigan","134,348","134,151","133,269"
212,"Carrollton, Texas","133,348","133,409","133,251"
213,"Coral Springs, Florida","134,366","134,027","132,822"
214,"Midland, Texas","132,448","132,720","131,325"
215,"Norman, Oklahoma","127,224","127,321","128,097"
216,"Athens, Georgia","127,320","127,141","127,358"
217,"Santa Clara, California","127,452","127,426","127,151"
218,"Columbia, Missouri","125,691","125,852","126,853"
219,"Fargo, North Dakota","125,830","125,853","126,748"
220,"Pearland, Texas","125,944","126,086","125,990"
221,"Simi Valley, California","126,487","126,366","125,975"
222,"Meridian, Idaho","118,099","119,729","125,963"
222,"Topeka, Kansas","126,515","126,269","125,963"
224,"Allentown, Pennsylvania","126,092","125,971","125,944"
225,"Thousand Oaks, California","126,926","126,652","125,754"
226,"Abilene, Texas","124,797","124,954","125,070"
227,"Vallejo, California","126,035","125,839","124,886"
228,"Concord, California","125,389","125,176","124,074"
229,"Round Rock, Texas","119,519","120,498","123,876"
230,"Arvada, Colorado","124,539","124,478","123,436"
231,"Clovis, California","120,254","120,674","122,989"
232,"Palm Bay, Florida","119,874","120,181","122,942"
233,"Independence, Missouri","123,028","122,927","122,088"
234,"Lafayette, Louisiana","122,018","121,996","121,771"
235,"Ann Arbor, Michigan","122,830","122,531","121,536"
236,"Rochester, Minnesota","121,244","121,396","121,465"
237,"Hartford, Connecticut","121,219","120,957","120,576"
238,"College Station, Texas","118,180","118,441","120,019"
239,"Fairfield, California","119,793","119,827","119,705"
240,"Wilmington, North Carolina","115,955","116,146","117,643"
241,"North Charleston, South Carolina","115,113","115,771","117,472"
242,"Billings, Montana","117,077","117,026","117,445"
243,"West Palm Beach, Florida","117,151","117,179","117,286"
244,"Berkeley, California","119,693","119,463","117,145"
245,"Cambridge, Massachusetts","117,779","117,699","117,090"
246,"Clearwater, Florida","117,227","117,046","116,674"
247,"West Jordan, Utah","117,190","117,186","116,541"
248,"Evansville, Indiana","117,298","117,258","116,486"
249,"Richardson, Texas","117,973","117,792","116,382"
250,"Broken Arrow, Oklahoma","113,730","114,024","116,330"
251,"Richmond, California","116,287","116,238","115,639"
252,"League, Texas","114,426","114,686","115,595"
253,"Manchester, New Hampshire","115,555","115,354","115,462"
254,"Lakeland, Florida","111,881","112,558","115,425"
255,"Carlsbad, California","114,972","115,073","115,302"
256,"Antioch, California","115,360","115,252","114,794"
257,"Westminster, Colorado","116,375","116,304","114,561"
258,"High Point, North Carolina","113,887","113,892","114,086"
259,"Provo, Utah","114,189","114,048","114,084"
260,"Lowell, Massachusetts","115,441","115,264","113,994"
261,"Elgin, Illinois","114,809","114,621","113,911"
262,"Waterbury, Connecticut","114,446","114,159","113,811"
263,"Springfield, Illinois","114,461","114,245","113,394"
264,"Gresham, Oregon","114,507","114,637","113,103"
265,"Murrieta, California","111,050","111,351","112,991"
266,"Lewisville, Texas","111,676","112,336","112,944"
267,"Las Cruces, New Mexico","111,507","111,738","112,914"
268,"Lansing, Michigan","112,954","112,796","112,684"
269,"Beaumont, Texas","114,586","114,239","112,556"
270,"Odessa, Texas","114,368","114,852","112,483"
271,"Pueblo, Colorado","111,925","112,119","112,368"
272,"Peoria, Illinois","113,173","112,792","111,666"
273,"Downey, California","114,558","114,118","111,645"
274,"Pompano Beach, Florida","112,117","111,966","111,348"
275,"Miami Gardens, Florida","111,579","111,085","110,867"
276,"Temecula, California","110,130","110,086","110,846"
277,"Everett, Washington","110,723","110,930","110,812"
278,"Costa Mesa, California","111,915","111,723","110,750"
279,"San Buenaventura (Ventura), California","110,600","110,413","109,925"
280,"Sparks, Nevada","108,772","109,121","109,796"
281,"Santa Maria, California","109,903","109,904","109,711"
282,"Sugar Land, Texas","111,046","110,775","109,373"
283,"Greeley, Colorado","108,935","109,388","109,323"
284,"South Fulton, Georgia","107,524","107,623","108,575"
285,"Dearborn, Michigan","109,910","109,657","108,420"
286,"Concord, North Carolina","105,186","105,769","107,697"
287,"Tyler, Texas","105,735","105,976","107,192"
288,"Sandy Springs, Georgia","108,134","108,172","107,180"
289,"West Covina, California","109,772","109,345","107,017"
290,"Green Bay, Wisconsin","107,300","107,114","107,015"
291,"Centennial, Colorado","108,353","108,095","106,966"
292,"Jurupa Valley, California","105,107","105,306","106,941"
293,"El Monte, California","109,554","109,166","106,907"
294,"Allen, Texas","104,786","105,628","106,874"
295,"Hillsboro, Oregon","106,448","106,922","106,633"
296,"Menifee, California","102,654","103,227","106,401"
297,"Nampa, Idaho","100,252","101,124","106,186"
298,"Spokane Valley, Washington","103,317","103,778","105,905"
299,"Rio Rancho, New Mexico","103,977","104,257","105,834"
300,"Brockton, Massachusetts","105,652","105,579","105,446"
301,"El Cajon, California","106,286","106,176","105,432"
302,"Burbank, California","107,563","107,320","105,401"
303,"Inglewood, California","107,961","107,534","105,181"
304,"Renton, Washington","106,966","106,763","105,179"
305,"Davie, Florida","105,719","105,553","104,882"
306,"Rialto, California","104,216","104,199","104,394"
307,"Boulder, Colorado","105,414","105,262","104,175"
308,"South Bend, Indiana","103,675","103,527","103,353"
309,"Vacaville, California","102,675","102,672","103,078"
310,"Wichita Falls, Texas","102,498","102,640","102,988"
311,"Lee's Summit, Missouri","101,160","101,600","102,781"
312,"Edinburg, Texas","99,678","100,039","102,483"
313,"Chico, California","102,849","102,177","102,338"
314,"San Mateo, California","105,674","105,308","102,200"
315,"Bend, Oregon","99,126","99,533","102,059"
316,"Goodyear, Arizona","95,003","96,534","101,733"
317,"Buckeye, Arizona","91,154","93,314","101,315"
318,"Daly, California","104,940","104,571","101,243"
319,"Fishers, Indiana","99,053","99,451","101,171"
320,"Quincy, Massachusetts","101,685","101,606","101,119"
321,"Davenport, Iowa","101,728","101,584","101,009"
322,"Hesperia, California","100,038","100,200","100,971"
323,"New Bedford, Massachusetts","101,044","100,970","100,941"
324,"Lynn, Massachusetts","101,238","101,118","100,843"
325,"Carmel, Indiana","99,777","99,892","100,777"
326,"Longmont, Colorado","100,119","100,359","100,758"
327,"Tuscaloosa, Alabama","99,706","99,960","100,618"
328,"Norwalk, California","102,910","102,532","100,373"
329,"St. George, Utah","95,284","95,927","99,958"
330,"San Angelo, Texas","100,006","100,093","99,667"
331,"Kenosha, Wisconsin","99,882","99,733","99,286"
332,"Federal Way, Washington","101,131","101,019","99,037"
333,"Roanoke, Virginia","100,011","99,875","98,865"
334,"New Braunfels, Texas","90,136","91,319","98,857"
335,"Vista, California","98,484","98,508","98,655"
336,"Albany, New York","99,345","99,133","98,617"
337,"Beaverton, Oregon","97,521","97,447","98,216"
338,"Orem, Utah","98,070","98,294","97,861"
339,"Portsmouth, Virginia","97,915","98,015","97,840"
340,"Yuma, Arizona","95,814","96,034","97,093"
341,"Yakima, Washington","96,873","96,890","96,578"
342,"Suffolk, Virginia","94,324","94,685","96,194"
343,"Sunrise, Florida","97,313","97,035","96,021"
344,"Boca Raton, Florida","96,358","96,241","95,787"
345,"Deltona, Florida","94,158","94,438","95,782"
346,"Tracy, California","93,356","93,590","95,387"
347,"Edmond, Oklahoma","94,498","94,740","95,341"
348,"Lawrence, Kansas","94,909","94,933","95,256"
349,"Fayetteville, Arkansas","93,582","94,020","95,230"
350,"Sandy, Utah","97,430","97,039","95,050"
351,"San Marcos, California","94,914","94,973","94,926"
352,"Reading, Pennsylvania","95,097","94,981","94,844"
353,"Livonia, Michigan","95,531","95,336","94,422"
354,"Conroe, Texas","89,148","90,358","94,400"
355,"Asheville, North Carolina","94,539","94,406","94,067"
356,"Erie, Pennsylvania","94,823","94,639","93,999"
357,"Fall River, Massachusetts","93,938","93,885","93,884"
358,"Palm Coast, Florida","89,310","89,748","93,833"
359,"O'Fallon, Missouri","91,390","91,643","93,644"
360,"Compton, California","95,959","95,611","93,597"
361,"Carson, California","95,367","95,074","93,535"
362,"Redding, California","93,559","93,393","93,462"
363,"Plantation, Florida","91,736","91,969","92,986"
364,"Chino, California","90,989","91,367","92,975"
365,"Hoover, Alabama","92,651","92,687","92,589"
366,"Roswell, Georgia","92,892","92,989","92,530"
367,"Mission Viejo, California","93,759","93,528","92,449"
368,"Mount Pleasant, South Carolina","90,668","90,871","92,398"
369,"Bellingham, Washington","91,231","91,570","92,289"
370,"Fort Myers, Florida","85,525","86,354","92,245"
371,"Kirkland, Washington","92,247","92,755","92,107"
372,"Norwalk, Connecticut","91,143","90,975","91,194"
373,"South Gate, California","92,971","92,634","91,154"
374,"Nashua, New Hampshire","91,405","91,221","91,124"
375,"Santa Monica, California","93,028","92,711","91,105"
376,"Lawton, Oklahoma","90,537","90,517","91,055"
377,"Avondale, Arizona","89,490","89,670","90,564"
378,"Trenton, New Jersey","90,857","90,662","90,457"
379,"Hemet, California","89,855","89,830","90,436"
380,"Indio, California","89,127","89,243","90,416"
381,"Westminster, California","91,089","90,906","90,195"
382,"Fort Smith, Arkansas","89,177","89,141","89,576"
383,"Clifton, New Jersey","90,222","90,031","89,367"
384,"Merced, California","86,141","86,515","89,308"
385,"Bloomington, Minnesota","90,012","89,854","89,298"
386,"Champaign, Illinois","88,421","88,418","89,114"
387,"San Leandro, California","91,675","91,338","88,868"
388,"Greenville, North Carolina","87,882","88,098","88,728"
389,"Waukegan, Illinois","89,361","89,158","88,614"
390,"Lawrence, Massachusetts","89,152","89,024","88,508"
391,"Santa Barbara, California","88,730","88,695","88,255"
392,"Santa Fe, New Mexico","87,497","87,684","88,193"
393,"Springdale, Arkansas","87,441","87,390","87,609"
394,"Newton, Massachusetts","88,787","88,624","87,453"
395,"Citrus Heights, California","88,018","87,911","87,402"
396,"San Ramon, California","86,426","86,669","86,947"
397,"Bryan, Texas","85,461","85,810","86,866"
398,"Troy, Michigan","87,316","87,125","86,836"
399,"Livermore, California","88,614","88,487","86,803"
400,"Ogden, Utah","86,830","86,726","86,798"
401,"Danbury, Connecticut","86,550","86,356","86,759"
402,"Duluth, Minnesota","86,645","86,601","86,372"
403,"Medford, Oregon","85,828","85,861","86,367"
404,"Deerfield Beach, Florida","86,873","86,716","86,339"
405,"Mission, Texas","85,868","85,870","86,223"
406,"Hawthorne, California","88,255","87,938","86,091"
407,"Manteca, California","83,678","83,948","85,792"
408,"Lake Forest, California","86,070","86,005","85,742"
409,"Auburn, Washington","87,351","87,143","85,699"
410,"Sioux, Iowa","85,731","85,654","85,617"
411,"Franklin, Tennessee","83,347","83,887","85,469"
412,"Temple, Texas","81,938","82,454","85,416"
413,"Whittier, California","87,383","87,045","85,311"
414,"Melbourne, Florida","84,313","84,373","85,064"
415,"Newport Beach, California","85,411","85,333","84,792"
416,"Brooklyn Park, Minnesota","86,688","86,411","84,526"
417,"Westland, Michigan","85,433","85,274","84,515"
418,"Kennewick, Washington","83,943","83,922","84,488"
419,"Farmington Hills, Michigan","83,991","83,781","83,292"
420,"Layton, Utah","81,759","81,967","83,291"
421,"Cicero, Illinois","85,180","84,864","83,161"
422,"Buena Park, California","84,173","83,968","83,011"
422,"Warwick, Rhode Island","82,976","82,960","83,011"
424,"Cranston, Rhode Island","82,935","82,833","82,566"
425,"Baytown, Texas","83,698","83,495","82,480"
426,"Largo, Florida","82,632","82,515","82,341"
427,"Johns Creek, Georgia","82,499","82,591","82,065"
428,"Longview, Texas","81,760","81,713","81,762"
429,"Redwood, California","84,234","84,180","81,643"
430,"New Rochelle, New York","79,996","80,559","81,587"
431,"Mountain View, California","82,592","82,455","81,516"
432,"Warner Robins, Georgia","80,324","80,494","81,446"
433,"Folsom, California","79,036","79,475","81,224"
434,"Alhambra, California","83,001","82,748","81,211"
435,"Gastonia, North Carolina","80,367","80,392","81,161"
436,"Lake Charles, Louisiana","85,434","85,352","81,097"
437,"Miami Beach, Florida","82,826","82,345","80,671"
438,"Flint, Michigan","81,381","81,201","80,628"
439,"Lakewood, California","82,727","82,403","80,611"
440,"Homestead, Florida","80,697","80,423","80,528"
441,"Rancho Cordova, California","79,666","79,790","80,413"
442,"South Jordan, Utah","77,661","78,082","80,139"
443,"Boynton Beach, Florida","80,401","80,631","80,089"
444,"North Port, Florida","75,175","75,816","80,021"
445,"Parma, Ohio","81,047","80,824","79,982"
446,"Lehi, Utah","76,107","77,000","79,978"
447,"Bloomington, Indiana","79,912","79,801","79,968"
448,"Perris, California","78,786","78,897","79,835"
449,"Plymouth, Minnesota","81,181","81,091","79,828"
450,"Somerville, Massachusetts","81,054","80,842","79,815"
451,"Pharr, Texas","79,779","79,836","79,697"
452,"Frederick, Maryland","78,062","78,215","79,588"
453,"Kissimmee, Florida","79,242","79,158","79,436"
454,"Tustin, California","80,142","80,023","79,430"
455,"Jonesboro, Arkansas","78,524","78,787","79,324"
456,"Upland, California","79,110","79,118","79,274"
457,"Milpitas, California","80,275","80,363","79,066"
458,"Lynchburg, Virginia","79,009","78,871","79,009"
459,"Pasco, Washington","77,579","77,856","78,871"
460,"Napa, California","79,276","79,051","78,818"
461,"Cedar Park, Texas","77,646","78,038","78,693"
462,"Chino Hills, California","78,573","78,544","78,665"
463,"Auburn, Alabama","76,000","76,429","78,564"
464,"Bloomington, Illinois","78,273","78,226","78,283"
465,"Pleasanton, California","80,421","80,201","78,252"
466,"Evanston, Illinois","79,035","78,796","77,517"
467,"Bellflower, California","79,298","79,019","77,408"
468,"Flower Mound, Texas","75,859","76,330","77,243"
469,"Loveland, Colorado","76,677","76,622","77,194"
470,"Racine, Wisconsin","77,775","77,578","77,127"
471,"Schaumburg, Illinois","78,691","78,443","77,082"
472,"Woodbury, Minnesota","75,163","75,479","76,990"
473,"Flagstaff, Arizona","76,781","76,960","76,989"
474,"Hammond, Indiana","77,754","77,607","76,984"
475,"Wyoming, Michigan","76,574","76,772","76,749"
476,"Pittsburg, California","76,439","76,600","76,544"
477,"Alameda, California","78,611","78,333","76,362"
478,"Redmond, Washington","73,375","73,422","76,354"
479,"Castle Rock, Colorado","73,012","73,700","76,353"
480,"Apple Valley, California","75,913","75,929","76,224"
481,"Rapid, South Dakota","74,194","74,350","76,184"
482,"Rochester Hills, Michigan","76,293","76,135","76,028"
483,"Arlington Heights, Illinois","77,595","77,377","76,000"
484,"Doral, Florida","75,803","76,094","75,966"
485,"Southfield, Michigan","76,579","76,367","75,898"
486,"Scranton, Pennsylvania","76,110","75,950","75,874"
487,"Bethlehem, Pennsylvania","75,710","75,629","75,624"
488,"Georgetown, Texas","66,964","68,227","75,420"
489,"Pawtucket, Rhode Island","75,842","75,721","75,387"
490,"Broomfield, Colorado","74,112","74,513","75,325"
491,"Appleton, Wisconsin","75,315","75,300","74,854"
492,"Missouri, Texas","74,244","74,380","74,850"
493,"Missoula, Montana","73,746","73,949","74,822"
494,"Iowa, Iowa","74,373","74,443","74,596"
495,"Daytona Beach, Florida","71,681","71,838","74,437"
496,"Mansfield, Texas","72,654","72,778","74,368"
497,"Bismarck, North Dakota","73,651","73,675","74,138"
498,"Rock Hill, South Carolina","73,905","74,157","74,102"
499,"New Britain, Connecticut","74,217","74,062","73,841"
500,"Bolingbrook, Illinois","73,956","73,831","73,597"
501,"Bowling Green, Kentucky","72,524","72,642","73,529"
502,"Lauderhill, Florida","74,495","74,271","73,458"
503,"Redlands, California","73,004","73,023","73,288"
504,"Kalamazoo, Michigan","73,808","73,707","73,257"
505,"Rocklin, California","71,571","71,801","72,975"
506,"Jacksonville, North Carolina","73,339","73,183","72,876"
507,"Lakeville, Minnesota","69,654","70,175","72,812"
508,"Turlock, California","72,645","72,611","72,682"
509,"Mount Vernon, New York","73,693","73,483","72,581"
510,"Gulfport, Mississippi","72,961","72,837","72,105"
511,"Greenville, South Carolina","70,633","70,899","72,095"
512,"Harlingen, Texas","71,802","71,803","71,925"
513,"Camden, New Jersey","72,001","71,976","71,773"
514,"Dublin, California","72,142","72,312","71,674"
515,"St. Joseph, Missouri","72,456","72,293","71,602"
516,"Lake Elsinore, California","70,366","70,415","71,563"
517,"Tamarac, Florida","71,891","71,842","71,541"
518,"Eastvale, California","69,849","70,023","71,375"
519,"Johnson, Tennessee","70,588","70,576","71,278"
520,"Framingham, Massachusetts","72,342","72,162","71,265"
521,"Waukesha, Wisconsin","71,405","71,365","71,256"
522,"Dothan, Alabama","71,182","71,154","71,175"
523,"Marysville, Washington","70,683","70,894","71,144"
524,"Rogers, Arkansas","69,753","70,123","71,112"
525,"Blaine, Minnesota","70,293","70,505","70,935"
526,"Noblesville, Indiana","69,517","69,800","70,926"
527,"Camarillo, California","70,797","70,844","70,858"
528,"Lafayette, Indiana","70,906","70,809","70,835"
529,"St. Charles, Missouri","70,384","70,562","70,820"
530,"Wilmington, Delaware","70,941","70,875","70,750"
531,"Tulare, California","68,880","69,197","70,733"
532,"Maple Grove, Minnesota","70,509","70,518","70,726"
533,"Baldwin Park, California","72,323","72,082","70,629"
534,"Canton, Ohio","70,947","70,784","70,426"
535,"Ankeny, Iowa","67,892","68,316","70,287"
536,"North Richland Hills, Texas","69,968","70,310","70,209"
537,"West Des Moines, Iowa","68,717","68,895","69,792"
538,"Redondo Beach, California","71,520","71,261","69,781"
539,"Walnut Creek, California","70,078","69,974","69,695"
540,"Decatur, Illinois","70,765","70,514","69,646"
541,"Passaic, New Jersey","70,466","70,316","69,633"
542,"Yuba, California","70,101","69,952","69,536"
543,"Eau Claire, Wisconsin","69,291","69,313","69,441"
544,"Bayonne, New Jersey","71,555","71,546","69,211"
545,"Gaithersburg, Maryland","69,657","69,522","69,101"
546,"Albany, Georgia","69,832","69,486","69,048"
547,"East Orange, New Jersey","69,725","69,577","68,903"
548,"St. Cloud, Minnesota","68,774","68,711","68,818"
549,"Union, California","70,650","70,460","68,681"
550,"Eagan, Minnesota","68,905","68,766","68,642"
551,"San Marcos, Texas","67,290","67,701","68,580"
552,"Gary, Indiana","68,982","68,853","68,325"
553,"Portland, Maine","68,402","68,427","68,313"
554,"Jackson, Tennessee","68,211","68,169","68,114"
555,"Yorba Linda, California","68,460","68,431","67,989"
556,"Madera, California","66,316","66,523","67,944"
557,"Shawnee, Kansas","67,340","67,405","67,511"
558,"Haverhill, Massachusetts","67,764","67,690","67,361"
559,"Weston, Florida","68,094","67,928","67,312"
560,"Rockville, Maryland","67,101","67,357","67,139"
561,"Leander, Texas","59,345","60,965","67,124"
562,"Lodi, California","66,409","66,471","67,021"
563,"Schenectady, New York","67,000","66,879","66,990"
564,"Grand Junction, Colorado","65,733","65,822","66,964"
565,"Waterloo, Iowa","67,453","67,381","66,941"
566,"Idaho Falls, Idaho","65,413","65,657","66,898"
567,"Pflugerville, Texas","65,678","65,964","66,884"
568,"Davis, California","66,796","66,659","66,799"
569,"Palo Alto, California","68,724","68,486","66,680"
570,"Sammamish, Washington","67,600","67,534","66,630"
571,"Oshkosh, Wisconsin","66,777","66,693","66,607"
572,"Delray Beach, Florida","66,911","66,839","66,573"
573,"Novi, Michigan","66,252","66,186","66,560"
574,"Ames, Iowa","65,955","65,999","66,424"
575,"Skokie, Illinois","67,775","67,682","66,422"
576,"Queen Creek, Arizona","59,590","60,942","66,346"
577,"Palatine, Illinois","67,771","67,588","66,321"
578,"Alpharetta, Georgia","65,852","65,968","66,127"
579,"Janesville, Wisconsin","65,631","65,643","65,942"
580,"Union, New Jersey","68,512","68,087","65,638"
581,"Lynwood, California","67,139","66,897","65,505"
582,"Lorain, Ohio","65,340","65,324","65,430"
583,"Victoria, Texas","65,643","65,590","65,377"
584,"Kenner, Louisiana","66,474","66,323","65,364"
585,"Muncie, Indiana","65,382","65,241","65,292"
586,"Conway, Arkansas","63,656","63,783","65,121"
587,"Malden, Massachusetts","66,353","66,114","65,074"
588,"Cheyenne, Wyoming","65,096","65,161","65,051"
589,"Greenwood, Indiana","63,903","64,035","64,918"
590,"Brentwood, California","64,355","64,499","64,870"
591,"Utica, New York","65,263","65,102","64,501"
592,"Commerce, Colorado","62,477","62,793","64,287"
593,"South San Francisco, California","66,119","66,128","64,251"
594,"Laguna Niguel, California","64,519","64,359","64,239"
595,"North Little Rock, Arkansas","64,633","64,665","64,162"
596,"Millcreek, Utah","63,899","63,637","64,110"
597,"Ocala, Florida","63,455","63,600","64,096"
598,"Waltham, Massachusetts","64,994","64,817","64,015"
599,"Burnsville, Minnesota","64,352","64,530","63,943"
600,"San Clemente, California","64,409","64,346","63,896"
601,"Bellevue, Nebraska","64,208","64,301","63,737"
602,"Rowlett, Texas","62,543","62,743","63,671"
603,"Caldwell, Idaho","59,985","60,482","63,629"
604,"Port Orange, Florida","62,872","62,940","63,486"
605,"Moore, Oklahoma","63,308","63,503","63,462"
606,"Coon Rapids, Minnesota","63,660","63,590","63,385"
607,"Lakewood, Washington","63,666","63,619","63,331"
608,"Eden Prairie, Minnesota","64,375","64,335","63,161"
609,"Hamilton, Ohio","63,386","63,361","62,947"
610,"Apex, North Carolina","58,797","59,945","62,911"
611,"Bossier, Louisiana","62,722","62,653","62,865"
612,"Porterville, California","62,607","62,619","62,742"
613,"Maricopa, Arizona","58,442","59,133","62,720"
614,"La Habra, California","63,200","63,140","62,609"
615,"Taylor, Michigan","63,384","63,252","62,573"
616,"Dearborn Heights, Michigan","63,257","63,120","62,451"
617,"Council Bluffs, Iowa","62,701","62,625","62,415"
618,"Hendersonville, Tennessee","61,756","62,040","62,257"
619,"Springfield, Oregon","62,360","62,295","62,256"
620,"Medford, Massachusetts","59,662","60,425","62,098"
621,"St. Cloud, Florida","58,973","59,404","62,043"
622,"Santa Cruz, California","62,341","62,251","61,950"
623,"Richland, Washington","60,538","60,798","61,929"
624,"Huntersville, North Carolina","61,403","61,574","61,839"
625,"Encinitas, California","62,082","62,037","61,762"
626,"Marietta, Georgia","60,969","60,940","61,497"
627,"Wellington, Florida","61,854","61,779","61,448"
628,"Woodland, California","60,852","60,917","61,398"
629,"Montebello, California","62,771","62,527","61,204"
630,"Vineland, New Jersey","61,305","61,202","61,156"
631,"Chapel Hill, North Carolina","61,326","61,272","61,128"
632,"Pontiac, Michigan","61,572","61,390","60,984"
633,"Jupiter, Florida","61,100","61,048","60,802"
634,"San Rafael, California","61,287","61,154","60,769"
635,"Pico Rivera, California","62,215","61,995","60,764"
636,"La Mesa, California","61,191","61,111","60,721"
637,"Sanford, Florida","60,795","60,760","60,681"
638,"Bristol, Connecticut","60,783","60,665","60,661"
639,"Meriden, Connecticut","60,859","60,703","60,517"
640,"Euless, Texas","61,089","61,105","60,500"
641,"Great Falls, Montana","60,506","60,420","60,403"
642,"Parker, Colorado","58,477","58,800","60,313"
643,"Youngstown, Ohio","60,774","60,598","60,270"
644,"Owensboro, Kentucky","60,205","60,183","60,011"
645,"Corvallis, Oregon","59,696","59,697","59,864"
646,"Stonecrest, Georgia","59,148","59,181","59,863"
647,"Santee, California","60,075","60,057","59,703"
648,"Gardena, California","61,069","60,892","59,702"
649,"Kokomo, Indiana","59,609","59,606","59,691"
650,"Monterey Park, California","61,259","61,012","59,667"
651,"Taunton, Massachusetts","59,359","59,428","59,600"
652,"White Plains, New York","59,555","59,564","59,526"
653,"West Allis, Wisconsin","60,330","60,223","59,484"
654,"Des Plaines, Illinois","60,681","60,511","59,459"
655,"Palm Beach Gardens, Florida","59,218","59,253","59,449"
656,"Blue Springs, Missouri","58,648","58,774","59,430"
657,"Petaluma, California","59,713","59,678","59,403"
658,"Wylie, Texas","57,602","57,930","59,394"
659,"Taylorsville, Utah","60,552","60,449","59,242"
660,"North Miami, Florida","60,250","59,965","59,229"
661,"Dubuque, Iowa","59,639","59,565","59,119"
662,"Revere, Massachusetts","61,878","61,565","59,075"
663,"Carson, Nevada","58,639","58,677","58,993"
664,"Burlington, North Carolina","57,346","57,593","58,818"
665,"Grand Forks, North Dakota","59,022","58,942","58,781"
666,"Springfield, Ohio","58,940","58,801","58,763"
667,"Hempstead, New York","59,113","59,000","58,734"
668,"Hoboken, New Jersey","60,675","60,590","58,690"
669,"Casper, Wyoming","59,072","59,242","58,656"
670,"Cupertino, California","60,575","60,343","58,622"
671,"Terre Haute, Indiana","58,621","58,543","58,525"
672,"Hanford, California","57,932","58,006","58,496"
673,"Lenexa, Kansas","57,425","57,501","58,388"
674,"Madison, Alabama","57,124","57,389","58,357"
675,"Lake Havasu, Arizona","57,204","57,415","58,284"
676,"St. Clair Shores, Michigan","58,893","58,751","58,200"
677,"Herriman, Utah","55,312","56,321","58,198"
678,"Midwest, Oklahoma","58,459","58,466","58,145"
679,"St. Peters, Missouri","57,725","57,678","58,129"
680,"Gilroy, California","59,669","59,493","58,101"
681,"Margate, Florida","58,697","58,552","58,001"
682,"Royal Oak, Michigan","58,217","58,098","57,953"
683,"Shoreline, Washington","58,532","58,699","57,918"
684,"Orland Park, Illinois","58,648","58,501","57,850"
685,"Decatur, Alabama","57,851","57,777","57,804"
686,"Casa Grande, Arizona","53,891","54,335","57,699"
687,"Weymouth, Massachusetts","57,513","57,568","57,670"
688,"Bowie, Maryland","58,310","58,226","57,644"
689,"Lancaster, Pennsylvania","57,842","57,712","57,503"
690,"Kettering, Ohio","57,743","57,648","57,377"
691,"Bartlett, Tennessee","57,791","57,711","57,318"
692,"Highland, California","57,083","57,070","57,159"
693,"Coconut Creek, Florida","57,818","57,668","57,117"
694,"Pocatello, Idaho","56,238","56,282","57,092"
695,"Oak Lawn, Illinois","58,271","58,089","57,013"
696,"Albany, Oregon","56,412","56,599","56,828"
697,"Bentonville, Arkansas","54,120","54,675","56,734"
698,"Fountain Valley, California","57,175","57,054","56,495"
699,"Olympia, Washington","55,435","55,626","55,919"
700,"National, California","56,235","56,149","55,912"
701,"Bradenton, Florida","55,423","55,497","55,905"
702,"Coeur d'Alene, Idaho","54,515","54,770","55,904"
703,"Berwyn, Illinois","57,120","56,913","55,772"
704,"Tigard, Oregon","54,832","54,995","55,767"
705,"DeSoto, Texas","56,155","56,074","55,729"
706,"Port Arthur, Texas","55,610","55,550","55,724"
707,"New Brunswick, New Jersey","55,443","55,483","55,708"
708,"Smyrna, Georgia","55,689","55,635","55,685"
709,"Apple Valley, Minnesota","56,246","56,135","55,638"
710,"Kingsport, Tennessee","55,444","55,366","55,582"
711,"Valdosta, Georgia","55,485","55,468","55,567"
712,"Mount Prospect, Illinois","56,749","56,626","55,541"
713,"Smyrna, Tennessee","53,138","53,516","55,518"
714,"Apopka, Florida","54,897","54,874","55,496"
715,"Southaven, Mississippi","54,640","54,774","55,429"
716,"Brookhaven, Georgia","55,143","55,119","55,366"
717,"Arcadia, California","56,737","56,512","55,345"
718,"West Haven, Connecticut","55,560","55,455","55,294"
719,"Perth Amboy, New Jersey","55,414","55,389","55,291"
720,"San Jacinto, California","53,946","54,086","55,290"
721,"Beaumont, California","53,101","53,549","55,280"
722,"Chicopee, Massachusetts","55,576","55,481","55,190"
723,"Plainfield, New Jersey","54,609","54,418","54,936"
724,"Bonita Springs, Florida","53,820","54,006","54,904"
725,"Marana, Arizona","52,020","52,758","54,895"
726,"Tinley Park, Illinois","55,922","55,770","54,864"
727,"Anderson, Indiana","54,745","54,669","54,817"
728,"Sarasota, Florida","54,108","54,155","54,764"
729,"Manhattan, Kansas","54,507","54,544","54,763"
730,"Yucaipa, California","54,620","54,605","54,739"
731,"Bozeman, Montana","52,855","53,119","54,539"
732,"Lacey, Washington","53,442","53,828","54,461"
733,"Kannapolis, North Carolina","53,145","53,431","54,446"
734,"Logan, Utah","52,673","52,665","54,436"
735,"Colton, California","53,945","53,975","54,285"
736,"Texas, Texas","51,898","52,259","54,247"
737,"Kentwood, Michigan","54,375","54,305","54,141"
738,"Peabody, Massachusetts","54,486","54,410","54,119"
739,"Rocky Mount, North Carolina","54,351","54,248","53,957"
740,"Elkhart, Indiana","54,044","53,951","53,949"
741,"Diamond Bar, California","55,226","55,026","53,857"
742,"Pensacola, Florida","54,394","54,359","53,678"
743,"Huntington Park, California","55,005","54,806","53,644"
744,"West Sacramento, California","53,666","53,631","53,637"
745,"Normal, Illinois","53,585","53,575","53,594"
746,"Spring Hill, Tennessee","50,021","50,595","53,339"
747,"Edina, Minnesota","53,563","53,430","53,318"
748,"Minnetonka, Minnesota","53,962","54,241","53,266"
749,"Oak Park, Illinois","54,486","54,318","53,224"
750,"Galveston, Texas","53,585","53,520","53,219"
751,"Twin Falls, Idaho","51,593","51,816","53,213"
752,"Pinellas Park, Florida","53,116","53,359","53,202"
753,"Wheaton, Illinois","53,718","53,593","53,126"
754,"Elyria, Ohio","52,738","52,730","52,816"
755,"Methuen, Massachusetts","53,026","52,999","52,798"
756,"Winter Haven, Florida","50,247","50,603","52,710"
757,"Novato, California","53,130","53,006","52,708"
758,"Paramount, California","53,828","53,631","52,506"
759,"Battle Creek, Michigan","52,631","52,541","52,335"
759,"Grand Island, Nebraska","53,083","52,944","52,335"
761,"West New York, New Jersey","52,798","52,493","52,242"
762,"Cathedral, California","51,535","51,577","52,220"
763,"La Crosse, Wisconsin","52,690","52,647","52,185"
764,"Delano, California","51,845","51,864","52,173"
765,"Watsonville, California","52,739","52,623","52,067"
766,"Florissant, Missouri","52,548","52,445","52,003"
767,"Joplin, Missouri","51,719","51,703","51,846"
768,"Aliso Viejo, California","52,174","52,173","51,824"
769,"Kyle, Texas","45,752","46,464","51,789"
770,"Draper, Utah","50,510","50,481","51,749"
771,"Burleson, Texas","47,807","48,132","51,618"
772,"Mooresville, North Carolina","50,205","50,452","51,594"
773,"Glendora, California","52,610","52,505","51,569"
774,"Palm Desert, California","51,163","51,167","51,541"
775,"Harrisonburg, Virginia","51,814","51,675","51,430"
776,"Hoffman Estates, Illinois","52,460","52,333","51,350"
777,"Collierville, Tennessee","51,198","51,247","51,343"
778,"Placentia, California","51,911","51,789","51,274"
779,"Summerville, South Carolina","50,933","51,010","51,216"
780,"Mishawaka, Indiana","51,201","51,126","51,074"
781,"Burien, Washington","52,121","52,004","51,073"
782,"Little Elm, Texas","46,361","47,078","51,042"
783,"Middletown, Ohio","51,033","51,026","50,998"
784,"Dunwoody, Georgia","51,629","51,539","50,901"
785,"Grapevine, Texas","50,651","50,756","50,872"
786,"Cuyahoga Falls, Ohio","51,109","51,014","50,810"
787,"Lincoln, California","49,808","49,855","50,649"
788,"Westfield, Indiana","46,427","46,990","50,630"
789,"Columbus, Indiana","50,423","50,391","50,569"
790,"Enid, Oklahoma","51,327","51,149","50,566"
791,"Milford, Connecticut","50,587","50,532","50,541"
792,"Covina, California","51,373","51,246","50,411"
793,"Troy, New York","50,760","50,684","50,394"
794,"Newark, Ohio","49,913","49,952","50,383"
795,"Jeffersonville, Indiana","49,413","49,494","50,315"
796,"Rosemead, California","51,268","51,138","50,245"
797,"Harrisburg, Pennsylvania","50,090","50,069","50,135"
798,"Lakewood, Ohio","50,848","50,693","50,104"
799,"Sheboygan, Wisconsin","50,017","49,945","49,931"
800,"Cypress, California","50,269","50,266","49,926"
801,"Murray, Utah","50,743","50,589","49,729"
802,"Chesterfield, Missouri","50,014","49,956","49,703"
803,"Downers Grove, Illinois","50,230","50,126","49,654"
804,"St. Louis Park, Minnesota","50,016","50,020","49,158"
"Note: Areas are included in this table if they exceed the stated threshold at any point in the time series. The estimates are based on the 2020 Census and reflect changes to the April 1, 2020 population due to geographic program revisions and the application of disclosure avoidance to protect confidentiality (DRB clearance number CBDRB-FY22-054). For population estimates methodology statements, see http://www.census.gov/programs-surveys/popest/technical-documentation/methodology.html. All geographic boundaries for the Vintage 2021 subcounty population estimates series are as of January 1, 2021. For updates on Legal Boundary Change/Annexation Data, see https://www.census.gov/geographies/reference-files/time-series/geo/bas/annex.html.  Additional information on these localities can be found in the Geographic Boundary Change Notes (see https://www.census.gov/programs-surveys/geography/technical-documentation/boundary-change-notes.html). ",,,,
Suggested Citation:,,,,
"Annual Estimates of the Resident Population for Incorporated Places of 50,000 or More, Ranked by July 1, 2021 Population: April 1, 2020 to July 1, 2021 (SUB-IP-EST2021-ANNRNK)",,,,
"Source: U.S. Census Bureau, Population Division",,,,
Release Date: May 2022,,,,